<?xml version="1.0" encoding="UTF-8"?>
<jaxb:bindings schemaLocation="src/main/resources/wsdl/2.0/utility/Transaction.xsd" node="/xsd:schema"
               xmlns:jaxb="http://java.sun.com/xml/ns/jaxb"
               xmlns:xsd="http://www.w3.org/2001/XMLSchema"
               jaxb:version="2.1">
  <jaxb:bindings schemaLocation="src/main/resources/wsdl/2.0/common/Reservation.xsd" node=".//xsd:complexType[@name='OACType']">
      <jaxb:class name="ReservationOACType" />
  </jaxb:bindings>
  <jaxb:bindings schemaLocation="src/main/resources/wsdl/security/oasis-200401-wss-wssecurity-secext-1.0.xsd">
    <jaxb:schemaBindings>
      <jaxb:package name="org.oasis_open.docs.wss._2004._01.oasis_200401_wss_wssecurity_secext_1_0" />
    </jaxb:schemaBindings>
    <jaxb:bindings node=".//xsd:complexType[@name='ReferenceType']">
      <jaxb:class name="SecurityReferenceType" />
    </jaxb:bindings>
    <jaxb:bindings node=".//xsd:element[@name='Reference']">
      <jaxb:factoryMethod name="SecurityReference" />
    </jaxb:bindings>
  </jaxb:bindings>
  
  <jaxb:bindings schemaLocation="src/main/resources/wsdl/2.0/utility/Transaction.xsd">
    <jaxb:schemaBindings>
      <jaxb:package name="com.virginaustralia.model.schema.utility" />
    </jaxb:schemaBindings>
  </jaxb:bindings>
</jaxb:bindings>