<?xml version="1.0" encoding="UTF-8"?>
<suppressions xmlns="https://jeremylong.github.io/DependencyCheck/dependency-suppression.1.1.xsd">
	<suppress>
		<notes><![CDATA[file name: mapstruct-1.1.0.Final.jar]]></notes>
		<gav regex="true">^org\.mapstruct:mapstruct:.*$</gav>
		<cve>CVE-2013-4499</cve>
	</suppress>
	<suppress>
		<notes><![CDATA[file name: oauth2-oidc-sdk-5.41.1.jar]]></notes>
		<gav regex="true">^com\.nimbusds:oauth2-oidc-sdk:.*$</gav>
		<cve>CVE-2007-1651</cve>
		<cve>CVE-2007-1652</cve>
	</suppress>
	<suppress>
		<notes><![CDATA[file name: javax.annotation-api-1.3.1.jar]]></notes>
		<gav regex="true">^javax\.annotation:javax\.annotation-api:.*$</gav>
		<cpe>cpe:/a:oracle:glassfish</cpe>
	</suppress>
	<suppress>
		<notes><![CDATA[file name: tomcat-annotations-api-8.5.23.jar]]></notes>
		<gav regex="true">^org\.apache\.tomcat:tomcat-annotations-api:.*$</gav>
		<cpe>cpe:/a:apache_software_foundation:tomcat</cpe>
		<cpe>cpe:/a:apache_tomcat:apache_tomcat</cpe>
		<cpe>cpe:/a:apache:tomcat</cpe>
	</suppress>
	<suppress>
		<notes><![CDATA[file name: javax.ws.rs-api-2.1.jar]]></notes>
		<gav regex="true">^javax\.ws\.rs:javax\.ws\.rs-api:.*$</gav>
		<cpe>cpe:/a:restful_project:restful</cpe>
		<cpe>cpe:/a:restful_web_services_project:restful_web_services</cpe>
	</suppress>
	<suppress>
		<notes><![CDATA[file name: common-jwt-auth-starter-0.1.0.jar]]></notes>
		<gav regex="true">^com\.velocityfrequentflyer\.ms:common-jwt-auth-starter:.*$</gav>
		<cpe>cpe:/a:jwt_project:jwt</cpe>
	</suppress>
	<suppress>
		<notes><![CDATA[file name: netty-codec-4.0.27.Final.jar]]></notes>
		<cve>CVE-2016-4970</cve>
		<cve>CVE-2015-2156</cve>
	</suppress>
	<suppress>
		<notes><![CDATA[file name: spring-boot-starter-data-redis-1.5.9.RELEASE.jar]]></notes>
		<cve>CVE-2015-4335</cve>
	</suppress>
	<suppress>
		<notes><![CDATA[This suppresses false positives identified on spring security.]]></notes>
		<gav regex="true">org\.springframework\.security:spring.*</gav>
		<cpe>cpe:/a:vmware:springsource_spring_framework</cpe>
		<cpe>cpe:/a:springsource:spring_framework</cpe>
		<cpe>cpe:/a:mod_security:mod_security</cpe>
	</suppress>
	<suppress>
		<notes><![CDATA[file name: spring-boot-starter-data-redis-1.5.9.RELEASE.jar]]></notes>
		<gav regex="true">^org\.springframework\.boot:spring-boot-starter-data-redis:.*$</gav>
		<cpe>cpe:/a:pivotal_software:redis</cpe>
	</suppress>
</suppressions>