<?xml version="1.0" encoding="UTF-8"?>
<suppressions xmlns="https://jeremylong.github.io/DependencyCheck/dependency-suppression.1.1.xsd">
  <suppress>
    <notes><![CDATA[
   file name: netty-transport-4.0.27.Final.jar
   ]]></notes>
    <gav regex="true">^io\.netty:netty-.*$</gav>
    <cpe>cpe:/a:netty_project:netty</cpe>
  </suppress>
  <suppress>
    <notes><![CDATA[
   file name: stax-api-1.0.1.jar
   ]]></notes>
    <gav regex="true">^stax:stax-api:.*$</gav>
    <cpe>cpe:/a:st_project:st</cpe>
  </suppress>
</suppressions>